1,Jethalal,Gada,jethalal.gada@tmkoc.com,9876543210
2,Daya,Gada,daya.gada@tmkoc.com,8765432109
3,Taarak,Mehta,taarak.mehta@tmkoc.com,9988776655
4,Anjali,Mehta,anjali.mehta@tmkoc.com,8877665544
5,Roshan Singh,Sodhi,roshan.sodhi@tmkoc.com,9123456789
6,Madhavi,Bhide,madhavi.bhide@tmkoc.com,9234567890
7,Dr.,Hathi,dr.hathi@tmkoc.com,9345678901
8,Babita,Iyer,babita.iyer@tmkoc.com,9456789012
9,Patrakar,Popatlal,popatlal@tmkoc.com,9567890123
10,Bapuji,Gada,bapuji.gada@tmkoc.com,9678901234
11,Steve,Rogers,steve.rogers@avengers.com,1234567890
12,Natasha,Romanoff,natasha.romanoff@avengers.com,2345678901
13,Tony,Stark,tony.stark@avengers.com,3456789012
14,Thor,Odinson,thor.odinson@avengers.com,4567890123
15,Bruce,Banner,bruce.banner@avengers.com,5678901234
16,Clint,Barton,clint.barton@avengers.com,6789012345
17,Carol,Danvers,carol.danvers@avengers.com,7890123456
18,Peter,Parker,peter.parker@avengers.com,8901234567
19,Wanda,Maximoff,wanda.maximoff@avengers.com,9012345678
20,Stephen,Strange,stephen.strange@avengers.com,0123456789
21,Jon,Snow,jon.snow@got.com,1122334455
22,Danaerys,Targaryen,danaerys.targaryen@got.com,2233445566
23,Tyrion,Lannister,tyrion.lannister@got.com,3344556677
24,Daenerys,Targaryen,daenerys.targaryen@got.com,4455667788
25,Sansa,Stark,sansa.stark@got.com,5566778899
26,Bran,Stark,bran.stark@got.com,6677889900
27,Cersei,Lannister,cersei.lannister@got.com,7788990011
28,Jaime,Lannister,jaime.lannister@got.com,8899001122
29,Theon,Greyjoy,theon.greyjoy@got.com,9900112233
30,Samwell,Tarly,samwell.tarly@got.com,0011223344
